s,i,t
w,e,n,t
e,c,l,i,p,s,e
k,i,n,g,s
s,u,b,d,u,e,d
d,i,f,f,e,r,e,n,c,e
d,r,e,a,m,i,n,g
b,l,u,s,h,i,n,g
c,o,n,s,e,n,t
d,i,s,d,a,i,n,s
a,t
r,u,d,e,l,y
a,u,g,u,r,s
m,i,s,e,r
t,w,e,n,t,y
u,n,s,w,e,p,t
w,i,l,l,i,n,g
f,i,r,s,t,-,b,o,r,n
l,i,f,t,s
h,a,b,i,t,a,t,i,o,n
c,h,o,o,s,e
g,r,o,w,s
t,o,p,s
d,e,f,y
g,r,i,e,f,s
c,r,e,a,t,u,r,e
s,e,e,m
d,e,c,r,e,e
p,r,i,d,e
r,e,t,u,r,n
f,o,r,s,w,o,r,n
d,o,u,b,t
b,e,a,r
s,p,a,r,k,l,i,n,g
c,r,y
l,i,k,e,n,e,s,s
t,o,n,g,u,e
p,o,s,t,i,n,g
p,o,t,i,o,n,s
b,r,e,a,t,h,e,d
p,u,r,p,l,e
s,e,a,l,e,d
t,h,o,r,n,s
c,r,o,o,k,e,d
s,e,e
t,e,r,m,s
f,l,e,e,t,i,n,g
o,u,t,c,a,s,t
y,e,l,l,o,w,e,d
c,r,o,w,n
e,x,p,i,r,e,d
f,l,a,t,t,e,r,y
g,r,a,c,i,o,u,s
f,o,r,e,s,t,s
t,i,e,d
c,o,m,m,o,n
d,e,p,a,r,t,e,s,t
e,r,r,o,r
m,e,s,s,e,n,g,e,r,s
s,m,o,t,h,e,r
r,i,g,h,t,s
p,e,b,b,l,e,d
d,e,e,d,s
s,u,n,k
e,x,c,e,e,d
s,u,r,f,e,i,t
w,i,s,h
r,u,n
d,e,s,p,i,s,i,n,g
a,m,e,n
i,n
m,o,u,r,n
o,a,t,h,s
c,o,m,e
c,h,o,p,t
i,',l,l
c,a,p,t,i,v,e
b,a,y
r,e,f,u,s,e,s,t
o,b,s,e,q,u,i,o,u,s
c,h,i,d,i,n,g
w,r,e,t,c,h,e,d
t,a,k,e,s
f,a,m,i,l,i,a,r
y,e,t
f,e,a,r,s
s,o,v,e,r,e,i,g,n
k,n,o,w,s
w,e,r,e,',t
b,o,o,k
f,i,g,u,r,e,s
r,u,d,e
p,r,i,z,i,n,g
t,h,e,n
w,h,e,r,e,o,n
a,y
h,a,s,t
w,i,n,d,s
a,r,e
a,d,d,i,n,g
g,u,l,l,s
g,r,a,v,i,t,y
a,c,c,i,d,e,n,t
c,a,n,c,e,l,l,e,d
t,r,u,t,h,s
d,i,d
l,e,g,i,o,n,s
h,e,a,v,e,n
a,n,g,e,l
c,o,n,s,t,a,n,t
g,o,r,e,d
e,m,b,a,s,s,a,g,e
s,a,v,o,u,r
c,r,a,v,e
s,w,e,e,t,e,s,t
p,a,i,n,f,u,l
c,r,o,w,n,i,n,g
e,n,t,i,t,l,e,d
b,a,r,k
b,e,l,o,v,e,d
s,t,e,e,p,y
b,l,e,s,s,i,n,g
q,u,e,e,n
a,n
f,o,o,t
i,n,c,r,e,a,s,i,n,g
w,e,e,k,s
m,u,r,d,',r,o,u,s
p,l,e,a,d
l,a,c,k,i,n,g
t,y,r,a,n,t
a,f,f,a,i,r,s
r,h,e,t,o,r,i,c
f,o,e
p,r,e,s,e,n,c,e
b,l,u,n,t,i,n,g
t,a,k,e,r
s,i,r,e,n
s,t,e,w,a,r,d,s
i,n,c,e,r,t,a,i,n,t,y
r,e,m,e,m,b,e,r
s,e,n,d
s,h,a,m,e
k,n,e,w
c,a,n,n,o,t
p,o,e,s,y
a,c,c,e,s,s,a,r,y
l,i,v,e,l,y
p,a,y,s
h,o,o,k,s
m,i,n,d,s
r,e,n,e,w,e,s,t
s,p,o,i,l
b,a,i,l
f,r,e,e
d,u,l,l,y
b,o,s,o,m,s
o,l,d,e,r
b,e,d,-,v,o,w
g,o,i,n,g
b,e,g,g,a,r
l,o,o,k
w,e,a,k,n,e,s,s
r,o,u,g,h
w,i,l,f,u,l,l,y
s,p,o,t
n,o,n,e
a,r,r,e,s,t
b,o,u,g,h,s
a,-,d,o,t,i,n,g
s,a,l,u,t,a,t,i,o,n
i,m,m,u,r,e,d
s,o,m,e,t,i,m,e,s
c,o,m,m,e,n,c,e
a,t,t,e,n,d
w,i,r,e,s
m,a,t,t,e,r
l,i,e,s
s,h,a,k,e
t,r,i,a,l
b,u,d,d,i,n,g
c,o,n,q,u,e,s,t
s,h,a,m,e,s
p,r,e,s,a,g,e
w,r,i,t,e,s
d,e,c,e,i,v,e
p,u,r,s,u,i,t
s,u,f,f,e,r,e,d
b,e,n,d,i,n,g
a,d,d
s,t,a,m,p
t,r,u,e,s,t
t,e,m,p,e,s,t,s
m,a,n,',s
a,r,t,s
f,o,n,d
o,d,o,u,r
g,a,v,',s,t
w,o,r,t,h,',s
t,h,r,u,s,t
c,o,u,r,s,e
w,a,l,l,s
t,h,a,n,k
m,o,i,e,t,y
s,c,a,n,t,e,d
b,e,f,r,i,e,n,d,s
s,a,d
b,e,v,e,l
s,t,r,i,k,e,s
t,r,u,e,-,t,e,l,l,i,n,g
b,y
f,u,n,c,t,i,o,n
y,e,l,l,o,w
k,n,i,t
k,n,o,w,i,n,g
e,n,d,o,w,e,d
j,o,y
s,i,n,s
d,i,s,c,l,o,s,e,s
t,a,n,n,e,d
f,a,i,r,l,y
s,e,s,s,i,o,n,s
u,n,l,e,s,s
m,i,s,c,a,l,l,e,d
f,o,u,l
i,n,s,u,l,t,s
b,a,s,e
i,d,o,l,a,t,r,y
w,o,r,k
w,o,r,s,t
a,s,k,a,n,c,e
m,u,c,h
d,e,b,t,o,r
p,l,a,c,e
c,o,p,y
w,i,n,k
w,e,i,g,h
d,u,e
d,u,m,b
a,d,d,e,d
a,l,i,e,n
c,o,n,v,e,r,t
g,r,a,v,e,n
p,r,e,s,e,n,t,s
f,o,o,l
a,l,w,a,y,s
b,e,a,t,e,d
p,l,u,c,k
h,e,a,r,',s,t
y,e,a
s,t,r,a,y,i,n,g
s,t,a,y,s
d,a,y
b,l,o,w
m,o,w
e,n,l,i,g,h,t,e,n
r,e,h,e,a,r,s,e
d,e,s,e,r,t,s
p,r,o,n,e
l,a,w,f,u,l
r,e,m,e,d,y
m,a,r,b,l,e
e,v,e,n
f,o,r,w,a,r,d
l,a,r,g,e,s,s
b,e,s,i,d,e,s
w,i,n,g,e,d
h,a,v,e
d,e,c,e,i,v,e,s,t
i,n,d,i,g,e,s,t
u,n,f,o,l,d,i,n,g
d,e,f,e,c,t,s
g,u,s,t
p,o,i,n,t,i,n,g
m,a,y,s,t
s,a,u,c,y
b,o,y
f,a,r,t,h,e,r
d,e,v,o,u,r,i,n,g
c,h,e,c,k,e,d
t,y,r,a,n,t,s
a,p,p,l,e
r,o,s,y
h,e,a,v,y
t,h,r,i,f,t,l,e,s,s
w,a,s,t,e,f,u,l
c,o,m,p,l,a,i,n
m,o,r,r,o,w
s,p,r,e,a,d
b,o,n,d,s
f,r,a,n,t,i,c,-,m,a,d
s,p,i,t,e,s
h,e,r,a,l,d
w,a,n,t,o,n,n,e,s,s
m,i,x,e,d
k,i,n,g
f,e,e,d,s
f,o,r,m
f,o,r,f,e,i,t
p,e,r,c,e,i,v,',s,t
s,t,e,e,l
f,i,r,e
p,r,o,f,a,n,e
r,e,p,a,i,r
p,r,o,f,i,t,l,e,s,s
e,x,p,r,e,s,s,e,d
m,o,t,i,o,n
m,e,a,s,u,r,e,d
e,p,i,t,a,p,h
o,p,p,r,e,s,s,i,o,n
a,p,r,i,l,',s
p,a,g,e
w,r,o,n,g
f,e,a,r
l,i,m,b,s
d,e,s,p,i,s,e,d
l,e,a,v,i,n,g
m,a,s,t,e,r
f,a,i,r,i,n,g
o,r,d,e,r,i,n,g
w,o,e,s
d,i,s,p,r,a,i,s,e
t,h,y,s,e,l,f
r,i,c,h,e,s
p,a,s,s,i,o,n
n,e,x,t
m,e,a,d,o,w,s
f,a,c,u,l,t,y
h,e,r,d
a,s,t,o,n,i,s,h,e,d
o,u,t,b,r,a,v,e,s
m,e,r,i,t
u,s,h,e,r,s
s,c,a,r,l,e,t
l,o,v,i,n,g
e,n,r,i,c,h
m,a,n,n,e,r
t,e,e,m,i,n,g
s,t,i,r,r,e,d
w,o,r,s,e,r
m,o,r,n,i,n,g
l,i,o,n,',s
t,o,m,b,e,d
b,e,s,t,o,w
h,e,l,l
p,r,o,g,r,e,s,s
f,i,n,d,i,n,g
a,b,y,s,m
s,o,c,i,e,t,y
p,u,r,i,t,y
b,o,l,d,n,e,s,s
t,r,u,l,y
l,e,s,s,e,r
s,u,c,c,e,s,s,i,v,e
c,u,p,i,d
b,r,e,a,t,h
v,a,c,a,n,t
m,o,r,t,a,l,i,t,y
u,n,k,n,o,w,n
f,i,l,c,h,i,n,g
s,k,y
r,h,y,m,e
g,l,a,d,l,y
d,i,r,e,c,t,e,d
r,e,c,o,m,p,e,n,s,e
i,s,s,u,e
a,l,i,k,e
g,u,i,d,e,s
s,p,e,e,d
s,h,o,w
p,i,t,y,-,w,a,n,t,i,n,g
s,h,a,d,o,w
q,u,i,e,t,u,s
b,o,a,t
n,o
s,i,n,k,s
w,e
j,e,w,e,l
g,o,o,d,l,y
o,d,o,u,r,s
u,r,g,e
d,o,u,b,t,i,n,g
l,i,m,b,e,c,k,s
g,a,t,e
s,t,y,l,e
n,i,g,h,t
s,e,l,f,-,w,i,l,l,e,d
r,e,a,d
q,u,i,t,e
d,r,o,s,s
e,x,c,u,s,i,n,g
r,e,s,e,m,b,l,e
w,r,a,c,k
s,i,r,e
f,a,u,l,t
e,n,c,l,o,s,e
h,e,a,r,t,',s
c,h,i,l,d,r,e,n,',s
a,l,l,e,g,e
p,u,t,',s,t
i,n,w,a,r,d
e,n,v,y
m,u,t,e
m,a,d,n,e,s,s
w,i,n,d
h,i,d,e,o,u,s
l,o,s,s,e,s
o,f,f,e,n,c,e
w,i,s,h,e,d
p,r,i,s,o,n,e,r
w,o,r,t,h,i,e,r
w,a,r,n,i,n,g
d,i,s,d,a,i,n
l,e,s,s,o,n
t,e,n,d,e,r,e,d
a,c,c,u,s,e
s,t,a,m,p,e,d
i,n,i,q,u,i,t,y
j,e,w,e,l,s
h,u,m,o,u,r
i,n,v,e,n,t,i,o,n
d,i,s,g,r,a,c,e
d,e,c,l,i,n,e,s
c,e,a,s,e
t,e,a,r,s
v,o,w,i,n,g
f,a,t,h,e,r
h,e,r,e,i,n
t,u,r,n,s
s,t,r,i,v,i,n,g
d,i,s,g,r,a,c,e,d
f,u,l,f,i,l
c,o,s,t
r,e,a,r,w,a,r,d
o,r,n,a,m,e,n,t
a,c,c,u,s,i,n,g
t,w,i,c,e
p,h,y,s,i,c,i,a,n
w,e,t
f,e,a,r,i,n,g
c,l,o,u,d,s
s,p,i,e,s
h,e
p,a,r,t,l,y
c,o,m,m,e,n,t
p,r,o,p,h,e,t,i,c
t,r,a,v,e,l,',s
p,i,l,g,r,i,m,a,g,e
d,u,l,l,i,n,g
o,',e,r,p,r,e,s,s,e,d
c,a,r
b,e,c,a,u,s,e
e,f,f,e,c,t,u,a,l,l,y
p,u,b,l,i,c
z,e,a,l,o,u,s
t,o,n,g,u,e,s
p,r,e,s,s
d,a,y,',s
c,l,o,s,e,t
f,e,a,t,u,r,e,d
s,u,f,f,e,r
r,e,b,u,k,e,d
c,o,u,n,t,i,n,g
i,n,t,e,r,c,h,a,n,g,e
n,e,g,l,e,c,t,e,d
f,r,o,w,n
b,i,r,t,h
h,a,p
s,w,e,e,t,',s,t
c,h,o,s,e
v,o,w,s
u,n,w,o,o,e,d
m,o,v,i,n,g
p,u,p,i,l
s,w,i,f,t
p,r,o,p,h,e,c,i,e,s
m,e,m,o,r,y
p,e,r,f,o,r,c,e
b,e,e,n
h,i,t,s
m,a,k,e,s
',s,c,a,p,e,d
b,a,n,q,u,e,t
h,a,t,e
s,u,p,p,o,s,e
p,h,r,a,s,e
m,o,r,t,a,l
l,e,a,r,n,e,d,',s
i,m,p,e,d,i,m,e,n,t,s
n,i,g,h,t,s
o,u,t,w,o,r,n
c,o,o,l
f,e,a,t,u,r,e,l,e,s,s
i,m,p,i,e,t,y
t,o,-,d,a,y
w,o,o,d,',s
r,e,s,t,o,r,e,d
w,a,i,l,i,n,g
c,r,y,i,n,g
c,h,a,r,y
p,r,o,u,d,e,r
s,w,o,r,d
b,a,r,r,e,n
l,a,t,e
p,o,m,p
i,m,p,r,e,g,n,a,b,l,e
r,i,g,o,u,r
o,p,p,r,e,s,s,e,d
w,i,d,e
g,a,z,e,d
r,u,i,n,e,d
l,e,a,s,t
c,o,u,n,t,e,d
o,n
d,e,a,t,h,',s
h,a,t,e,d
g,r,a,n,t
d,u,n
t,h,r,o,w
m,a,d,d,i,n,g
o,f,t,e,n
r,e,m,a,i,n,s
s,o,i,l
d,i,a,n,',s
s,a,t,i,r,e
d,o
h,e,a,v,e,n,l,y
g,r,e,a,t
c,a,s,t
s,c,a,r,c,e,l,y
p,r,o,u,d
m,i,s,t,a,k,i,n,g
b,r,a,g
d,e,f,e,n,c,e
h,a,n,d
a,d,v,a,n,t,a,g,e
s,i,d,e,s
s,t,a,t,e
d,e,a,r,-,p,u,r,c,h,a,s,e,d
t,r,a,n,s,g,r,e,s,s,i,o,n
s,t,o,n,e
a,b,u,s,e
n,e,c,e,s,s,a,r,y
e,l,d,e,r
c,r,e,a,t,u,r,e,s
s,h,o,w,n
c,a,l,l
p,e,r,c,e,i,v,e
s,p,e,n,t
',t,i,s
d,r,y
s,t,o,p,p,e,d
i,m,p,a,i,r
b,e,t,w,i,x,t
s,l,a,y
d,a,r,e
t,u,r,n
w,a,k,i,n,g
r,e,v,i,e,w
o,r
d,e,a,r,e,r
p,a,t,t,e,r,n
f,i,l,l,e,d
f,u,r,y
',g,a,i,n,s,t
s,o,l,e
l,e,f,t
a,d,m,i,r,e,d
a,g,a,i,n
a,t,t,a,i,n,t
s,u,n
w,a,k,e
l,e,a,r,n,e,d
s,p,a,c,i,o,u,s
f,o,r,m,e,r
a,l,l,-,e,a,t,i,n,g
r,e,d,e,e,m
b,a,r,r,e,n,l,y
t,i,l,l
r,e,c,o,r,d,s
s,e,l,f,-,k,i,l,l,e,d
v,e,x
b,e,y,o,n,d
p,r,i,m,e
w,e,s,t
c,o,u,l,d,s,t
f,r,a,n,k
k,e,e,p
s,t,a,y
f,e,l,l
f,u,r,r,o,w,s
a,l,l,-,t,y,r,a,n,t
t,r,e,a,s,u,r,e
p,r,i,n,c,e,s
a,d,v,i,s,e,d
s,u,l,l,e,n
c,h,a,n,g,i,n,g
e,r,r
t,h,o,u,g,h,t
h,e,a,r
g,r,e,a,t,e,r
d,u,l,n,e,s,s
w,a,s,t,e,s
y,o,u,t,h
t,r,e,n,c,h,e,s
w,a,r,r,a,n,t,i,s,e
r,i,p,e,r
d,e,a,r,t,h
d,a,r,l,i,n,g
b,o,u,g,h
e,a,s,y
s,t,r,a,i,n,e,d
g,e,n,e,r,a,l
b,u,r,n,e,d
t,r,i,p,p,i,n,g
f,e,a,s,t
s,o,u,l,s
a,n,o,t,h,e,r
b,e,a,u,t,e,o,u,s
s,o,f,t
f,o,e,s
f,o,r,e,g,o,n,e
s,e,p,a,r,a,t,i,o,n
t,e,m,p,t,a,t,i,o,n
m,u,s,e
e,a,s,t
p,l,a,c,e,d
a,l,t,e,r
a,p,p,e,a,r
n,o,v,e,l
o,f,f,e,n,c,e,',s
f,o,r,b,i,d,d,e,n
j,a,w,s
a,l,c,h,e,m,y
m,e,d,i,t,a,t,i,o,n
w,o,r,k,i,n,g,s
s,i,c,k,n,e,s,s
c,o,n,t,a,i,n
s,t,a,n,d
v,i,o,l,e,t
d,e,s,e,r,v,',s,t
u,n,l,e,a,r,n,e,d
r,e,t,e,n,t,i,o,n
b,r,o,i,l,s
b,l,i,n,d
b,e,d
c,e,n,s,u,r,e,s
t,i,m,e,',s
c,o,s,t,s
s,p,e,e,c,h,l,e,s,s
h,u,s,b,a,n,d,',s
d,e,l,i,v,e,r,s
i,l,l,s
t,r,i,f,l,e
l,i,l,i,e,s
c,r,i,t,i,c
g,o,v,e,r,n,s
e,v,i,l
p,r,e,y
f,a,u,l,t,s
c,r,u,s,h,e,d
u,n,p,e,r,f,e,c,t
s,h,a,p,e
m,o,t,h,e,r
w,h,i,l,e
g,r,i,e,f,',s
l,e,s,t
t,e,a,c,h
p,l,a,y
a,l,t,e,r,s
o,',e,r,t,a,k,e
g,a,v,e
l,i,l,y,',s
s,w,e,e,t,s
r,e,v,e,n,u,e,s
o,r,p,h,a,n,s
a,n,s,w,e,r,s
w,a,n,d,',r,i,n,g
t,i,m,e,-,b,e,t,t,e,r,i,n,g
w,h,e,r,e,o,f
y,o,u,t,h,f,u,l
g,r,o,a,n,s
r,e,e,l,e,t,h
a,g,a,i,n,s,t
p,a,i,n,t,e,d
v,e,x,e,d
s,i,n,g,l,e
p,o,i,s,o,n,e,d
l,o,v,e,-,s,u,i,t
c,h,e,e,k,s
s,w,e,e,t,l,y
d,e,s,p,a,i,r
w,h,e,r,e,u,p,o,n
i,n,v,o,k,e,d
s,a,p
s,p,e,a,k,i,n,g
s,e,l,f,-,d,o,i,n,g
w,h,e,r,e,i,n
s,l,e,e,p,i,n,g
a,d,i,e,u
f,l,i,e,s
e,x,p,r,e,s,s
e,x,t,r,e,m,i,t,y
c,r,o,w,n,e,d
h,o,p,e,s
m,e,e,t,n,e,s,s
c,r,u,e,l
a,s,t,r,o,n,o,m,y
f,r,e,e,z,i,n,g,s
b,r,a,i,n,s
n,e,',e,r,-,c,l,o,y,i,n,g
b,i,d,s
c,o,n,s,c,i,e,n,c,e
s,o,o,n,e,r
h,i,s
l,o,n,g,i,n,g
s,e,e,k
t,r,a,v,e,l,s
s,u,c,h
t,h,i,n,k,s
c,r,i,m,e
s,t,a,g,e
t,h,e,i,r
h,e,a,l,s
r,e,m,o,t,e
c,r,e,s,t,s
h,e,a,t
t,h,o,u,g,h,t,s
p,r,e,s,e,r,v,e
e,a,r,t,h,l,y
b,l,e,s,t
h,a,v,i,n,g
c,o,s,t,l,y
p,e,r,i,s,h
s,m,e,l,l,s
b,o,n,e,s
f,e,i,l
l,e,n,g,t,h,s
v,i,r,g,i,n
p,a,t,i,e,n,c,e
d,i,s,c,a,s,e,d
d,i,e
r,i,c,h,-,p,r,o,u,d
w,a,n,t,o,n,l,y
r,a,i,s,e,d
m,i,n,e
f,a,v,o,u,r,i,t,e,s
u,n,c,e,r,t,a,i,n
m,o,r,n
a,l,l,o,w
f,o,o,l,s
s,u,l,l,i,e,d
t,o,u,c,h,e,d
i,m,i,t,a,t,e,d
w,h,y
t,a,k,e,n
d,u,t,e,o,u,s
p,r,o,u,d,e,s,t
e,n,t,o,m,b,e,d
p,r,o,v,e,d
b,o,s,o,m,',s
t,h,u,s
u,n,t,h,r,i,f,t,y
w,a,t,e,r
g,a,r,m,e,n,t,s
n,o,u,r,i,s,h,e,d
p,o,e,t,s
o,f,f,e,n,d
s,e,n,s,e
f,o,r,e,-,b,e,m,o,a,n,e,d
w,h,e,r,e,v,e,r
t,o,w,e,r,s
p,e,a,c,e
u,n,w,o,r,t,h,i,n,e,s,s
i,m,p,a,n,e,l,l,e,d
r,e,i,g,n,s
t,h,a,n,k,s
b,o,t,h
t,e,a,c,h,e,s,t
g,i,l,d,i,n,g
t,h,e,y
r,e,c,o,r,d
w,i,f,e
d,e,l,a,y,e,d
g,u,e,s,t
s,h,a,d,e
h,a,n,g
t,o,m,b,s
m,o,t,l,e,y
l,a,m,e,n,e,s,s
t,r,a,f,f,i,c
m,o,u,t,h,e,d
j,u,d,g,e,m,e,n,t
t,h,e,e
a,m,a,z,e,t,h
a,n,g,r,y
h,i,g,h,m,o,s,t
f,o,o,d
k,i,n,g,d,o,m,s
s,h,o,p
s,h,a,d,y
f,i,e,r,y
v,e,r,s,e
t,e,r,m,e,d
j,e,a,l,o,u,s
p,o,s,s,e,s,s,e,t,h
a,s,s,u,r,e
k,n,o,w,l,e,d,g,e
e,x,e,c,u,t,o,r
e,a,g,e,r
t,e,m,p,t,i,n,g
r,u,i,n
d,e,p,a,r,t
t,i,g,e,r,',s
b,e,h,a,v,i,o,u,r
w,i,d,o,w
r,i,d,e,r
m,a,d
s,t,e,e,l,e,d
r,o,s,e,s
t,h,e,r,e,b,y
b,i,d
t,r,u,e
h,i,d,e,s
p,l,a,y,',s,t
h,o,m,e
k,n,o,w,n
y,o,u,n,g,l,y
l,i,b,e,r,t,y
s,t,r,u,c,k
o,v,e,r,-,p,a,r,t,i,a,l
f,r,o,m
f,e,a,t,h,e,r,e,d
d,w,e,l,l
p,a,s,s
r,a,i,n,y
g,l,o,r,i,o,u,s
s,t,r,a,i,g,h,t
o,f
b,e,g,i,n,s
c,h,e,a,t,e,r
d,e,n,i,e,d
n,u,m,b,e,r,s
s,o,n,g
l,o,v,e,-,g,o,d
u,s,e,s,t
t,r,a,v,e,l
s,l,a,n,d,e,r,e,r,s
b,e,s,h,r,e,w
u,n,l,o,o,k,e,d
h,e,a,r,i,n,g
d,i,s,s,u,a,d,e
k,i,n,d,-,h,e,a,r,t,e,d
d,i,v,i,d,e,d
f,u,l,l
p,r,o,c,l,a,i,m,s
s,p,r,i,n,g,s
a,c,t,i,o,n
c,o,n,s,t,a,n,c,y
e,v,e,r,y,w,h,e,r,e
g,l,a,n,c,e
e,x,a,m,p,l,e
b,e,a,u,t,y
d,r,i,n,k
t,o,-,m,o,r,r,o,w
h,e,l,d
a,d,m,i,t
a,c,c,e,n,t,s
l,e,t
w,h,i,c,h
w,a,r,d,s
w,o,l,f
g,a,i,t
s,h,a,r,p
w,a,i,t,i,n,g
h,o,p,e
k,n,o,w
s,i,g,h,t
e,i,t,h,e,r
a,f,f,o,r,d
d,r,o,o,p,i,n,g
o,v,e,r,-,p,l,u,s
w,o,r,l,d,',s
l,e,e,s,e
l,a,m,b
u,s,e,d
p,u,t
l,e,s,s
a,n,o,t,h,e,r,',s
s,a,b,l,e
p,r,o,g,n,o,s,t,i,c,a,t,e
f,e,a,t,u,r,e
s,p,r,i,n,g
a,g,e,s
u,n,k,i,n,d,n,e,s,s
w,i,t,h,o,u,t
l,e,a,r,n,i,n,g
a,g,g,r,a,v,a,t,e
s,u,m,m,e,r,',s
i,m,p,r,i,s,o,n,e,d
c,o,m,m,i,t,s
s,i,m,p,l,e
e,l,o,q,u,e,n,c,e
w,i,l,f,u,l,-,s,l,o,w
j,o,i,n
g,r,e,y
e,v,e,',s
n,e,r,v,e,s
r,i,s,e
n,a,t,u,r,e
b,l,e,n,c,h,e,s
a,p,r,i,l
u,n,r,e,s,p,e,c,t,e,d
w,o,n
o,u,t,l,i,v,e
r,e,q,u,i,r,e
b,e,l,o,n,g,s
r,e,a,s,o,n
u,n,m,o,v,e,d
p,e,n,u,r,y
e,r,r,e,d
d,i,s,a,b,l,e,d
f,a,c,e
u,n,s,w,a,y,e,d
r,a,n,g,e,d
r,o,b,b,e,r,y
d,e,t,e,r,m,i,n,a,t,i,o,n
t,h,i,n,g
s,e,t,t,l,e,d
o,',e,r,s,w,a,y,s
d,e,c,a,y
w,o,r,t,h,s
e,s,s,a,y,s
v,a,n,i,s,h,e,d
e,x,c,e,e,d,s
s,a,i,d
d,r,i,n,k,s
c,o,m,m,e,n,t,s
f,o,r,g,e,t
w,r,a,c,k,f,u,l
d,e,f,o,r,m,e,d,',s,t
w,a,v,e,s
c,l,o,u,d
f,o,u,n,t,a,i,n,s
b,u,r,t,h,e,n,s
s,o,r,r,y
p,r,o,m,i,s,e
t,h,i,n,e
e,r,s,t
h,a,r,d,e,s,t
k,i,n,d
d,a,t,e,l,e,s,s
s,e,c,r,e,t
w,e,l,l,-,c,o,n,t,e,n,t,e,d
t,h,y
s,u,n,s
p,i,t,i,f,u,l
f,r,u,i,t
h,e,a,l,t,h,f,u,l
s,t,i,l,l
a,w,a,k,e
s,u,m,s
m,u,s,i,c
t,i,e
b,a,r,e
u,p,-,l,o,c,k,e,d
s,p,o,r,t
a,d,d,e,r,',s
w,o,m,a,n
f,i,r,s,t
f,a,m,i,n,e
c,o,l,o,u,r,e,d
a,d,v,a,n,c,e
b,o,a,s,t
g,r,i,n,d
b,i,n,d
a,u,t,h,o,r,i,z,i,n,g
v,a,n,i,s,h,i,n,g
b,l,o,t
b,e,s,t,o,w,',s,t
f,i,t,s
i,n,h,e,a,r,s,e
a,b,u,n,d,a,n,t
p,a,w,s
t,a,b,l,e,s
s,p,e,n,d,i,n,g
p,e,r,m,i,t
w,a,n,i,n,g
d,i,s,t,i,l,l,a,t,i,o,n
p,r,e,t,t,y
o,v,e,r,-,g,o,e,s
n,o,w
d,u,s,t
n,u,r,s,e,t,h
w,a,r,d,r,o,b,e
l,o,d,g,e,d
s,h,u,n
w,o,o
s,l,u,t,t,i,s,h
d,a,t,e
h,e,l,p
f,o,r,t,u,n,e
m,i,g,h,t,s,t
w,o,r,d,s
d,r,e,s,s,i,n,g,s
r,e,p,o,s,e
p,l,a,y,e,d
i,m,m,o,r,t,a,l
t,e,n,a,n,t,s
f,i,g,u,r,e,d
t,r,e,e,s
s,e,t
k,e,y
a,l,i,v,e
s,p,u,r
c,a,r,s
s,e,l,f
a,d,o,n,i,s
t,e,a,r
s,u,b,o,r,n,e,d
e,m,b,a,s,s,y
t,u,n,e
s,t,r,e,t,c,h,e,d
d,e,t,e,r,m,i,n,e,d
b,u,i,l,d,i,n,g
w,e,a,k,e,n,s
l,o,v,',s,t
p,a,p,e,r,s
a,l,o,n,e
p,h,y,s,i,c,i,a,n,s
k,e,e,p,s
v,o,w,e,d
s,i,n,g
o,f,t
w,o,n,d,r,o,u,s
c,h,a,n,c,e
s,o,u,r,l,y
r,o,n,d,u,r,e
c,o,n,f,e,s,s
p,i,p,e
s,e,v,e,r,a,l
s,i,g,h
h,e,a,r,t,-,i,n,f,l,a,m,i,n,g
c,o,n,v,e,r,t,e,s,t
u,n,t,r,u,e
d,r,e,a,m,s
d,e,s,p,i,t,e
s,e,e,s,t
b,r,e,e,d,s
g,i,f,t
f,r,o,w,n,s
s,e,e,m,i,n,g
s,p,o,r,t,i,v,e
m,a,n
d,i,a,l
c,u,r,e,s
f,l,a,m,e
w,e,r,e
w,r,i,n,k,l,e
a,i,r
s,p,e,c,i,a,l,-,b,l,e,s,t
t,e,l,l
s,h,a,k,e,n
a,n,o,n
w,i,n,t,e,r,',s
o,r,n,a,m,e,n,t,s
c,u,p
l,o,n,g,e,r
g,i,f,t,s
w,a,k,e,n,e,d
s,h,a,m,e,d
w,i,l,l,s
h,e,l,e,n,',s
b,u,r,t,h,e,n
r,e,l,i,e,f
t,w,o,f,o,l,d
h,o,m,a,g,e
b,r,a,n,d
d,i,s,p,e,n,s,e
a,c,t
s,h,e,d,s
t,r,o,u,b,l,e
v,a,r,y,i,n,g
w,o,r,d
p,a,p,e,r
h,a,n,d,s
d,i,g,n,i,f,i,e,d
c,o,m,p,o,u,n,d,s
p,r,e,v,e,n,t
d,i,g,n,i,f,i,e,s
p,u,r,s,u,i,n,g
m,a,n,y
p,r,o,f,a,n,e,d
m,i,n,d
t,h,i,t,h,e,r
w,r,e,t,c,h
a,l,l,a,y,e,d
t,r,a,n,s,f,i,x
w,i,n,g
p,l,i,g,h,t
d,e,e,p,e,s,t
r,e,s,p,o,s,e
f,o,r,g,o,t,t,e,n
p,o,w,e,r,s
j,u,n,e,s
p,a,l,a,t,e
g,r,o,u,n,d
a,l,t,e,r,e,d
l,o,v,e
m,e,l,a,n,c,h,o,l,y
t,o,u,c,h,e,s
f,r,a,i,l,e,r
h,a,p,p,i,e,s
f,e,s,t,e,r
p,r,a,i,s,i,n,g
s,t,a,i,n
n,e,e,d,s
b,e,f,o,r,e
d,i,v,i,n,i,n,g
s,t,o,r,e,s
d,o,t,i,n,g
g,a,o,l
v,i,r,t,u,o,u,s
s,o,u,n,d,s
r,e,f,i,n,e,d
f,e,e,b,l,e
s,t,o,l,e
s,n,o,w
f,r,o,s,t
d,y,e
d,e,s,e,r,v,e
w,h,e,r,e
m,i,n,u,t,e,s
v,i,c,e,s
w,r,i,t
t,o,n,g,u,e,-,t,i,e,d
g,e,m,s
s,p,h,e,r,e,s
g,r,o,s,s
e,n,d
g,r,i,e,v,a,n,c,e,s
w,a,n,t,i,n,g
t,i,m,e,s
f,o,l,l,y
i,n,d,e,e,d
p,h,o,e,n,i,x
s,t,e,a,l
o,t,h,e,r,s
t,r,i,u,m,p,h
u,n,t,o,l,d
d,e,c,a,y,s
a,s,s,a,i,l,e,d
c,r,e,d,i,t
c,r,a,w,l,s
g,r,e,c,i,a,n
c,a,n,k,e,r
s,t,a,i,n,e,t,h
c,a,s,e
i,m,i,t,a,t,e
f,o,r,g,o,i,n,g
f,o,r,w,a,r,d,s
s,e,a
b,u,t
s,h,a,l,t
s,l,a,i,n
g,r,a,v,e,s
s,m,o,k,e
o,n,c,e
h,a,i,r,s
r,e,p,o,r,t
r,e,p,l,e,t,e
i,n,f,l,u,e,n,c,e
s,w,e,e,t,-,s,e,a,s,o,n,e,d
w,h,e,r,e,-,t,h,r,o,u,g,h
o,r,i,e,n,t
b,i,r,d
c,h,a,r,a,c,t,e,r
h,u,s,b,a,n,d,r,y
t,a,u,g,h,t
o,u,t,s,t,r,i,p,p,e,d
n,a,m,i,n,g
f,e,w
s,t,e,a,l,t,h
d,i,g
m,e,r,c,h,a,n,d,i,z,e,d
t,o,o
u,s,u,r,e,r
b,l,u,n,t,e,r
l,u,s,t,y
h,u,s,w,i,f,e
p,l,a,g,u,e,s
l,a,p
c,u,t
l,o,a,t,h,s,o,m,e
s,l,i,d,e
r,e,n,t
b,e,l,i,e,d
m,i,n,d,',s
b,a,d,n,e,s,s
n,e,a,r
d,o,v,e
l,e,n,g,t,h
r,e,n,e,w
w,o,m,a,n,',s
r,i,o,t
d,i,f,f,e,r,e,n,t
v,a,u,n,t
b,l,o,o,m,s
b,e,w,a,i,l,e,d
h,y,m,n,s
e,n,f,o,r,c,e,d
t,r,i,u,m,p,h,a,n,t
c,r,o,w
r,o,c,k,s
p,e,r,j,u,r,e,d
c,o,m,p,a,r,e
e,v,e,r,y
c,e,l,e,s,t,i,a,l
t,h,i,n,g,s
d,a,i,l,y
l,i,s,t
s,h,e
t,h,r,i,v,e
t,'
m,a,r
r,a,i,m,e,n,t
h,a,p,p,y
n,a,m,e
s,o,l,e,m,n
t,e,m,p,e,r,a,t,e
f,o,r,g,i,v,e
e,x,c,e,s,s
w,o,e
v,e,r,d,i,c,t
l,o,n,g,-,l,i,v,e,d
c,r,y,s,t,a,l
f,e,d
r,o,t,t,e,n
f,o,r,t,u,n,e,',s
v,a,i,n,l,y
i,m,p,e,r,f,e,c,t
a,c,t,i,v,e
t,r,e,a,d,s
r,i,c,h,e,r
s,c,y,t,h,e
a,r,t
r,u,m,i,n,a,t,e
s,t,r,i,v,e
s,a,i,t,h
e,a,c,h
m,i,g,h,t
f,l,a,t,t,e,r
q,u,i,c,k
s,h,o,w,',s,t
f,i,e,n,d
h,o,r,s,e,s
w,h,o,l,e
t,h,e,r,e,',s
i,n,c,r,e,a,s,e
h,e,a,r,d
p,e,n,c,i,l
l,e,a,v,e
p,l,e,a,s,e
r,o,b,e
d,i,v,i,n,e
c,o,n,f,i,n,e
g,r,o,w,n
i,n,j,u,r,i,o,u,s
s,o,o,n
b,u,r,n
l,o,a,n
w,h,o
p,i,t,i,e,d
t,a,l,l
u,n,b,l,e,s,s
a,b,s,e,n,c,e
t,r,i,m
q,u,i,l,l
p,h,i,l,o,m,e,l
m,o,a,n
s,e,a,s,o,n,s
f,a,s,t
t,r,e,a,s,o,n
s,w,o,r,n
l,i,m,i,t
p,e,r,f,u,m,e,d
h,e,r,s,e,l,f
e,c,l,i,p,s,e,s
f,a,t,e
m,a,k,',s,t
f,i,g,h,t
a,b,u,s,e,d
a,r,t,',s
p,i,t,y
m,e,n
w,i,l,f,u,l
i,n,j,u,r,y
p,u,r,p,o,s,e,d
a,n,c,h,o,r,e,d
e,l,s,e
a,b,i,d,e
w,o,r,t,h,i,n,e,s,s
c,o,n,t,r,o,l
g,a,i,n
t,w,a,i,n
m,o,u,n,t,a,i,n
w,i,n,t,e,r
s,i,d,e
g,l,a,d
r,o,b,b,e,d
f,o,u,r
p,a,r,t,i,c,u,l,a,r,s
r,u,n,s
s,t,r,i,n,g
n,e,v,e,r,-,r,e,s,t,i,n,g
k,i,n,g,d,o,m
f,l,o,w
a,m,i,s
v,e,r,s,e,s
f,i,e,r,c,e
d,o,o,m
c,l,e,a,n
u,n,s,e,t
m,e,a,s,u,r,e
n,e,w,-,f,o,u,n,d
r,i,c,h,l,y
g,o,l,d
b,l,e,s,s,e,d,-,f,a,i,r
g,r,a,c,e,s
m,o,n,u,m,e,n,t,s
a,w,a,k,e,s
p,l,o,d,s
v,o,t,a,r,y
c,r,i,e,s
m,o,u,r,n,f,u,l
f,o,r,e
r,i,c,h
o,p,e,n
s,t,a,n,d,s
b,o,r,r,o,w,e,d
c,o,n,s,p,i,r,e
h,u,e
a,d,j,u,n,c,t
t,h,r,e,e,-,f,o,l,d
s,i,g,h,t,l,e,s,s
g,a,t,e,s
m,i,s,s,e,d
r,h,y,m,e,r,s
k,i,l,l
c,e,r,e,m,o,n,y
u,n,f,a,i,r
k,i,s,s,i,n,g
q,u,i,c,k,l,y
a,c,c,e,p,t,a,n,c,e
p,r,o,f,i,t
q,u,e,s,t
h,u,n,d,r,e,d
r,e,c,e,i,v,e
t,o,g,e,t,h,e,r
s,h,i,f,t,i,n,g
n,e,c,k
i,l,l
d,o,t,e
a,l,l
c,o,m,p,o,s,e,d
e,t,e,r,n,a,l
n,e,i,g,h
d,i,s,d,a,i,n,e,t,h
d,i,s,t,i,l,l,e,d
b,o,u,n,d,l,e,s,s
l,i,n,g,e,r
d,e,c,r,e,p,i,t
a,p,p,e,a,r,s
s,c,o,r,n,e,d
a,c,t,o,r
i,n,t,o
c,h,a,r,a,c,t,e,r,e,d
t,e,n
t,h,o,s,e
d,e,f,e,c,t
h,e,a,r,t,s
w,o,u,n,d
b,e,g,i,n
f,l,e,s,h
s,t,r,a,n,g,l,e
t,h,e,m,s,e,l,v,e,s
t,r,u,t,h
m,e,t,h,i,n,k,s
r,e,c,u,r,e,d
a,l,o,f,t
f,a,d,e
a,n,d
s,u,r,v,i,v,e
f,a,m,o,u,s,e,d
p,l,e,a,s,a,n,t
c,a,n,d,l,e,s
b,e,l,l
s,e,q,u,e,n,t
b,u,i,l,t
b,e,n,e,f,i,t
s,w,e,a,r,s
s,t,o,r,m,y
f,e,e,l,i,n,g
s,i,m,p,l,i,c,i,t,y
g,r,o,s,s,l,y
s,e,e,n
w,o,e,f,u,l
l,o,n,g
r,a,i,n
s,h,a,d,o,w,s
h,o,n,o,u,r,i,n,g
u,n,l,e,t,t,e,r,e,d
k,e,e,n
f,o,l,l,o,w,e,d
m,a,k,e,t,h
w,r,e,c,k,e,d
g,i,v,e,s
p,a,i,n,t,e,r,',s
w,o,r,t,h,y
s,u,r,v,e,y
d,i,s,t,r,a,c,t,i,o,n
s,o,u,l,',s
m,a,n,y,',s
s,e,e,k,i,n,g
t,h,a,n
f,i,l,e,d
c,h,o,i,r,s
p,e,t,t,y
t,i,l,l,a,g,e
s,t,e,r,n
p,a,i,n,t,i,n,g
s,o,u,g,h,t
e,n,e,m,i,e,s
s,h,o,r,e
o,f,f,e,n,d,e,r,s
s,t,e,l,l,e,d
l,o,v,e,r
n,e,w,e,r
w,a,n,t,o,n
a,h
e,i,s,e,l
e,x,c,u,s,e
s,h,o,u,l,d,s,t
v,i,s,a,g,e
w,o,u,l,d,s,t
t,r,a,n,s,p,o,r,t
k,i,n,d,s
m,u,s,e,s
h,i,d,d,e,n
f,a,c,e,s
s,u,f,f,e,r,a,n,c,e
m,i,s,p,r,i,s,i,o,n
l,o,w
b,e,g,u,i,l,e
i,n,t,e,r,m,i,x,e,d
p,u,r,p,o,s,e
s,t,r,e,n,g,t,h,e,n,e,d
p,o,w,e,r
e,s,t,i,m,a,t,e
w,o,r,t,h,l,e,s,s
r,e,v,e,n,g,e
c,a,t,c,h
g,r,o,w,',s,t
m,i,l,l,i,o,n,s
f,o,r,',t
o
g,r,o,w
a,p,p,r,o,v,e
u,n,s,t,a,i,n,e,d
i,m,p,u,t,e
f,o,r,b,e,a,r
l,i,t,t,l,e
s,e,e,i,n,g
p,o,i,s,o,n
e,y,e,',s
s,t,o,r,e
l,o,v,e,r,s
r,a,n,k
j,u,d,g,m,e,n,t
f,e,a,t,h,e,r,s
s,e,r,v,a,n,t
i,m,a,g,i,n,a,r,y
u,s,e
t,r,a,n,s,l,a,t,e
t,r,u,t,h,',s
p,r,e,s,a,g,e,r,s
s,t,e,a,l,s
l,i,l,y
b,l,a,m,e
f,u,l,n,e,s,s
t,w,i,l,i,g,h,t
w,a,r
u,n,k,i,n,d
p,a,i,n,t,e,r
f,r,o,w,n,',s,t
e,n,g,r,a,f,t,e,d
r,i,t,e
s,w,a,y
s,t,a,r,s
a,t,t,e,n,d,i,n,g
e,n,d,u,r,e,d
d,e,f,i,n,e
h,e,a,r,s,a,y
n,i,g,g,a,r,d
s,h,o,r,t
s,t,r,a,i,n,s
m,o,d,e,r,n
d,o,t,h
l,u,s,t
t,o,w,a,r,d,s
s,u,f,f,i,c,e,d
v,e,n,g,e,f,u,l
s,u,n,k,e,n
l,e,a,p,e,d
a,d,d,i,t,i,o,n
s,t,o,n,e,s
b,e,s,i,d,e
s,l,a,v,e
c,o,m,m,i,t,t,e,d
i,n,f,e,c,t,i,o,n
d,i,s,e,a,s,e
w,i,d,o,w,',s
p,l,e,a,s,u,r,e
o,u,r
e,a,r,s
n,e,w,-,a,p,p,e,a,r,i,n,g
n,a,t,i,v,i,t,y
b,r,o,u,g,h,t
d,e,a,r,t,h,s
m,i,n,d,e,d
b,l,e,s,s,i,n,g,s
s,p,e,n,d
c,r,e,a,t,i,o,n
h,o,r,s,e
m,o,r,t,g,a,g,e,d
h,a,s,t,e,n
v,a,n,t,a,g,e
f,l,o,w,e,r
b,e,a,s,t
d,r,e,s,s
w,r,o,u,g,h,t
a,n,t,i,q,u,e
h,a,t,e,',s
d,e,f,e,a,t
b,i,d,e
r,e,n,t,s
t,r,a,v,a,i,l
d,i,s,t,i,l,l,s
h,e,r,e
i,n,h,e,r,i,t
t,h,'
l,a,c,k,e,d
p,i,c,t,u,r,e
s,e,l,d,o,m
i,n,s,u,f,f,i,c,i,e,n,c,y
h,a,r,m,f,u,l
c,o,n,t,e,n,d
t,h,r,u,s,t,s
f,a,d,i,n,g
b,e,l,o,n,g
p,a,l,e
s,u,r,m,i,s,e
s,i,t,s
e,n,d,u,r,e
m,y
b,a,t,t,',r,i,n,g
l,a,s,t
s,p,i,t,e
w,e,a,k
i,n,c,a,p,a,b,l,e
r,e,s,e,m,b,l,i,n,g
a,l,r,e,a,d,y
s,h,a,l,l
b,a,s,e,s,t
b,u,d,s
g,a,i,n,s
b,e,a,u,t,i,f,u,l
e,y,e,s
r,e,c,e,i,v,i,n,g
e,n,f,e,e,b,l,e,d
r,e,e,k,s
l,e,i,s,u,r,e
o,t,h,e,r
c,o,u,l,d
f,r,a,i,l,t,i,e,s
b,e,t,t,e,r
t,e,r,m
n,e,w,-,f,a,n,g,l,e,d
g,a,y
h,e,i,g,h,t
v,i,a,l
w,a,t,c,h,i,n,g
p,r,e,s,c,r,i,p,t,i,o,n,s
b,a,c,k,w,a,r,d
p,r,e,p,o,s,t,e,r,o,u,s,l,y
g,r,i,e,v,e
f,i,n,g,e,r,s
a,l,a,c,k
b,r,i,n,g
w,o,r,s,e
b,u,r,i,e,s,t
s,t,r,a,n,g,e,l,y
f,o,r,g,o,t
g,h,o,s,t
s,e,l,l
d,e,c,e,i,v,e,d
c,o,u,n,t,e,r,f,e,i,t
w,h,o,s,e
h,a,l,f
f,i,n,g,e,r
w,r,i,t,t,e,n
w,i,n,d,y
m,a,n,s,i,o,n
t,a,l,l,i,e,s
v,i,c,t,o,r
t,h,r,o,u,g,h
w,a,t,e,r,y
d,a,r,k,e,n,i,n,g
p,a,i,n
d,a,m,a,s,k,e,d
o,n,l,y
d,i,e,d
c,u,r,e
a,l,l,-,o,b,l,i,v,i,o,u,s
e,n,l,a,r,g,e,d
g,a,z,e,t,h
s,a,y,s
c,a,r,e,f,u,l
v,i,c,t,o,r,i,e,s
r,e,s,t
d,e,e,m,e,d
a,f,t,e,r,w,a,r,d,s
p,r,e,v,e,n,t,',s,t
n,y,m,p,h,s
g,r,o,a,n
s,h,o,w,i,n,g
r,o,o,m
m,i,s,u,s,e
w,a,l,k
p,e,n
d,e,s,e,r,v,i,n,g
o,n,e
h,a,r,d,e,r
r,u,t,h
y,',h,a,v,e
i,g,n,o,r,a,n,c,e
d,r,e,s,s,i,n,g
p,r,i,v,i,l,a,g,e
t,e,n,u,r,e
s,h,i,n,e,s
s,l,a,n,d,e,r,e,d
p,a,s,s,e,d
h,u,n,g,r,y
s,t,a,r,v,e,d
a
w,a,n,t
g,u,s,t,s
v,a,s,s,a,l
w,e,l,f,a,r,e
d,i,s,c,o,u,r,s,e
f,a,i,r
s,t,a,r
a,s,k,e,d
c,o,n,s,e,c,r,a,t,e
p,o,l,i,s,h,e,d
',t,w,i,x,t
v,e,i,l
d,a,r,t
s,p,o,i,l,s
t,r,a,n,s,l,a,t,e,d
h,i,d
d,e,f,a,c,e,d
b,i,t,t,e,r
m,e,t,r,e
w,a,y
s,t,e,a,l,i,n,g
w,r,i,n,k,l,e,s
e,x,p,r,e,s,s,i,n,g
d,e,a,r
w,i,s,e
l,a,s,c,i,v,i,o,u,s
s,u,p,p,o,s,i,n,g
w,o,n,d,e,r
s,i,l,v,e,r
s,c,o,p,e
r,e,s,t,o,r,e
f,i,l,l
c,h,a,n,g,e
b,a,n,k,r,u,p,t
s,c,a,n,d,a,l
r,a,n,k,s
a,b,o,u,t
b,e,d,s
g,e,t
b,a,r,e,n,e,s,s
c,h,e,e,r,e,d
c,h,e,a,p
b,r,o,a,d
s,i,m,p,l,y
w,a,s,t,e,d
d,i,d,s,t
s,o,n
f,r,a,g,r,a,n,t
c,h,e,e,k
f,l,o,w,n
s,w,e,a,r,i,n,g
o,b,l,a,t,i,o,n
p,e,r,p,e,t,u,a,l
j,u,d,g,m,e,n,t,',s
g,l,o,w,i,n,g
g,r,a,n,t,i,n,g
s,u,g,g,e,s,t
r,e,v,o,l,u,t,i,o,n
p,l,e,a,s,u,r,e,s
p,r,a,i,s,e,s
f,a,r,e,w,e,l,l
l,a,n,g,u,i,s,h,e,d
s,e,c,o,n,d,s
s,u,p,p,o,s,e,d
p,l,o,t
n,e,a,r,l,y
y,e,a,r,s
l,a,u,g,h,e,d
a,c,h,i,e,v,e
r,e,-,s,u,r,v,e,y
p,r,o,f,o,u,n,d
a,b,s,e,n,t
o,v,e,r,t,h,r,o,w
w,e,l,l,-,t,u,n,e,d
t,y,r,a,n,n,y
s,e,n,s,e,s
w,o,r,k,',s
d,i,g,n,i,t,y
h,o,u,r
m,u,t,u,a,l
c,o,m,p,a,r,e,d
f,e,e,d
c,a,u,s,e
w,h,e,n,c,e
f,o,r,s,a,k,e,n
r,o,b,s
t,h,i,n,k,i,n,g
s,t,r,e,n,g,t,h,',s
c,o,v,e,t,o,u,s
r,i,g,h,t,l,y
f,a,i,r,e,r
f,i,v,e
h,o,n,e,y
m,a,k,i,n,g
b,r,o,w
k,e,e,p,',s,t
m,a,r,r,i,e,d
c,r,o,s,s
w,a,r,m,e,d
c,o,o,l,s
s,u,s,p,e,c,t
w,h,a,t,e,',e,r
b,e,s,e,e,c,h,e,r,s
p,l,a,n,t,s
f,o,r,s,a,k,e
c,o,n,t,i,n,u,a,l
m,i,d,d,l,e
s,l,o,w
l,o,s,t
m,e,r,i,t,s
w,i,l,f,u,l,n,e,s,s
i,m,p,r,e,s,s,i,o,n
s,u,c,c,e,s,s,i,o,n
d,a,y,s
s,p,e,n,d,s
c,h,a,r,g,e
f,e,e
f,a,i,n,t
a,d,m,i,r,e
y,o,u,n,g
b,r,e,a,t,h,e,s
b,a,d,g,e,s
s,u,b,s,t,a,n,c,e
l,i,v,e
a,i,d
t,r,i,f,l,e,s
a,c,k,n,o,w,l,e,d,g,e
f,e,m,a,l,e
t,r,y
b,a,s,e,s
m,o,n,s,t,e,r,s
u,s,e,r
r,a,c,k
b,l,u,n,t
u,n,i,o,n,s
d,i,r,e,c,t,l,y
h,e,n,c,e
c,a,l,l,e,d
s,i,l,v,e,r,e,d
r,e,m,o,v,e
f,e,a,r,f,u,l,l,y
d,o,s,t
d,r,e,s,s,e,d
w,e,l,l,-,s,e,e,i,n,g
h,o,n,o,u,r
m,e,r,c,y
s,o,r,t
c,o,m,p,o,u,n,d
r,e,d
d,e,a,d
w,h,o,m
b,e,n,d,s
l,o,c,k,e,d
s,t,r,o,n,g,l,y
p,e,a,r,l
f,i,n,d
c,h,e,c,k
c,o,r,r,e,c,t
b,o,w
i,m,p,o,r,t,u,n,e
m,e,n,',s
h,i,m,s,e,l,f
d,o,w,n
v,i,e,w
d,r,e,a,m
b,r,e,a,k
e,v,e,r,-,f,i,x,e,d
a,w,a,y
c,o,r,r,e,s,p,o,n,d,e,n,c,e
w,e,e,d
w,a,n,d,',r,e,s,t
g,l,a,z,e,d
f,e,e,d,',s,t
r,e,p,r,o,v,i,n,g
b,o,o,t
f,a,l,l
f,a,l,s,e,h,o,o,d
p,a,r,t,s
c,o,m,p,e,e,r,s
b,o,n,d
c,o,v,e,r
f,o,o,l,i,s,h
t,h,e,m,e,s
p,a,r,t,a,k,e
c,o,m,p,o,u,n,d,e,d
s,e,p,a,r,a,b,l,e
r,e,c,i,t,e
h,a,r,v,e,s,t
c,u,r,e,d
p,o,s,t,e,r,i,t,y
w,h,e,r,e,t,o
c,o,l,d
g,a,z,e,r,s
h,e,r,s
o,c,e,a,n
g,u,e,s,s
t,h,r,e,e,s,c,o,r,e
f,a,r
a,f,r,e,s,h
s,u,m,m,o,n
m,a,k,e,l,e,s,s
a,f,a,r
d,e,s,e,r,v,e,d
s,i,n,g,s
a,m,o,n,g
p,o,s,s,e,s,s,i,o,n
m,a,j,e,s,t,y
s,p,e,n,d,',s,t
h,u,r,t
p,r,e,c,i,o,u,s
t,h,r,a,l,l,e,d
d,a,r,k,l,y
p,o,u,r,',s,t
w,o,o,d
r,u,n,',s,t
o,w,e
l,a,w,s
i,n,d,i,r,e,c,t,l,y
b,e,a,r,',s,t
s,l,e,e,p
g,o,t
t,h,e,f,t
b,e,c,o,m,e,s
h,u,g,e
c,o,n,s,u,m,e,d
s,p,e,a,k
g,r,o,u,n,d,e,d
t,o,r,m,e,n,t
l,o,r,d,s
w,o,m,e,n,',s
d,e,d,i,c,a,t,e,d
s,a,d,l,y
s,o,u,l
s,o,u,r,e,s,t
f,a,l,s,e,-,s,p,e,a,k,i,n,g
b,e,s,t
p,o,e,t
n,u,r,s,e
e,n,t,e,r,t,a,i,n
t,h,r,i,v,e,r,s
c,h,r,o,n,i,c,l,e
d,e,s,i,r,e,d
r,e,v,i,e,w,e,s,t
m,u,d
f,u,e,l
v,i,l,e,s,t
o,l,i,v,e,s
s,e,m,b,l,a,n,c,e
h,a,t,h
s,e,e,m,l,y
g,r,e,w
c,r,e,e,p
u,s,u,r,y
t,e,l,l,i,n,g
t,h,a,t
e,a,s,e,d
s,t,i,c,k,',s,t
a,d,u,l,t,e,r,a,t,e
h,a,d,s,t
t,e,n,d,e,r
l,a,c,e
o,w,n
t,h,i,n,l,y
d,e,l,i,g,h,t,e,d
c,o,r,a,l
m,e,t,h,o,d,s
e,v,i,d,e,n,t
i,n,t,e,r,i,m
b,r,e,a,t,h,e
p,r,i,z,e
u,g,l,y
u,n,t,o
e,l,e,m,e,n,t,s
m,o,u,r,n,e,r,s
b,r,o,k,e
a,u,d,i,t
p,r,y
t,o,m,b
s,u,c,c,e,e,d,i,n,g
p,o,v,e,r,t,y
c,r,e,a,t,e,d
m,a,i,n
w,h,o,',s
a,p,p,l,y,i,n,g
p,r,i,v,i,l,e,g,e
o,b,l,i,v,i,o,n
s,l,a,n,d,e,r
s,a,l,v,i,n,g
m,i,s,t,r,e,s,s
p,r,o,p,o,s,e,d
b,i,g
w,i,n,t,e,r,s
m,e,d,i,c,i,n,e
u,n,h,a,p,p,i,l,y
g,a,i,n,e,r
l,i,n,e
u,n,f,a,t,h,e,r,e,d
c,a,n,s,t
r,e,s,p,e,c,t
h,i,d,e
s,i,c,k,l,y
a,g,e,',s
c,h,e,r,u,b,i,n,s
w,h,e,t,h,e,r
d,e,r,i,v,e
l,o,s,i,n,g
d,e,b,t
p,u,b,l,i,s,h
b,r,e,a,c,h
a,t,t,a,i,n,t,e,d
b,l,e,s,s,e,d
e,s,t,e,e,m,e,d
u,n,r,e,s,t
t,h,e,r,e,o,f
e,x,t,r,e,m,e
t,o,i,l
p,r,e,s,u,m,e
w,h,a,t,s,o,e,v,e,r
g,l,o,r,y
o,',e,r,-,s,n,o,w,e,d
s,u,b,s,c,r,i,b,e,s
s,h,a,r,p,e,n,e,d
i,n,v,e,n,t
l,a,b,o,u,r,i,n,g
l,o,o,k,e,d
b,i,t,t,e,r,n,e,s,s
m,e,e,t
c,o,n,v,e,r,t,e,d
s,h,o,u,l,d
b,r,a,v,',r,y
o,w,n,e,r,s
g,l,u,t,t,o,n
a,m,b,u,s,h
d,y,e,r,',s
e,a,t
t,h,o,u
s,h,a,l,l,o,w,e,s,t
s,h,a,r,p,',s,t
p,r,i,v,a,t,e
d,e,e,p
f,o,i,s,t
f,a,i,t,h
l,e,n,d
l,e,v,e,l
d,a,n,c,i,n,g
p,r,i,n,t
a,l,t,e,r,a,t,i,o,n
s,c,o,r,n
h,y,m,n
p,i,t,y,i,n,g
l,a,s,t,i,n,g
s,i,g,n,s
m,o,u,t,h,s
d,a,t,e,s
a,d,m,i,t,t,e,d
n,i,m,b,l,e
a,b,l,e
t,e,m,p,t,e,t,h
b,l,a,z,o,n
n,e,g,l,e,c,t
g,e,n,t,l,e,s,t
g,r,a,c,i,o,u,s,l,y
t,o,n,g,u,e,',s
w,e,l,l
i,n,t,e,l,l,i,g,e,n,c,e
l,e,a,p
p,a,c,e
c,o,m,p,l,e,x,i,o,n
t,r,i,m,m,e,d
p,r,a,y,e,r,s
a,r,i,g,h,t
p,o,o,r
r,e,s,t,f,u,l
g,i,l,d,e,d
b,e,g,u,i,l,e,d
d,o,i,n,g
o,',e,r,l,o,o,k
p,a,r,d,o,n
l,i,e
s,e,l,f,-,l,o,v,i,n,g
e,n,d,i,n,g
m,i,s,t,a,k,e
o,',e,r,w,o,r,n
s,o,m,e,t,i,m,e
p,r,e,f,i,g,u,r,i,n,g
a,p,p,e,t,i,t,e
t,h,e,r,e
b,l,o,t,s
h,u,n,g
w,a,t,c,h,m,a,n
w,o,r,k,s
l,a,t,c,h
p,r,a,i,s,e,d
r,e,a,p
p,e,e,p
c,h,i,l,d
c,o,n,f,o,u,n,d,s
b,l,a,c,k
g,r,a,c,e,d
a,m,i,s,s
u,n,t,r,i,m,m,e,d
v,a,r,i,a,t,i,o,n
u,n,e,a,r,e,d
f,a,d,e,t,h
r,e,f,u,s,e
b,e,f,i,t,s
f,a,l,s,e,l,y
f,e,a,r,f,u,l
f,o,i,l,e,d
d,e,c,e,m,b,e,r,',s
d,r,u,n,k
o,f,f,e,n,c,e,s
r,a,t,h,e,r
t,a,b,l,e
s,t,o,l,',n
c,h,a,r,g,e,d
b,l,o,o,d
i,n,h,e,r,i,t,o,r,s
p,r,e,d,i,c,t
i,n,t,e,r,e,s,t
w,i,l,d
b,u,d
w,o,u,l,d
v,u,l,g,a,r
w,o,m,b,s
b,a,r,s
s,h,i,n,e
b,a,i,t
s,o,r,r,o,w
w,e,l,c,o,m,e
e,a,r
s,t,a,t,u,t,e
h,a,r,d
t,a,k,e
r,e,s,p,e,c,t,s
u,n,u,s,e,d
i,n,v,i,t,i,n,g
c,o,n,s,i,d,e,r
s,e,e,s
r,e,p,a,y
t,r,a,n,s,f,e,r,r,e,d
b,o,r,n,e
a,c,q,u,a,i,n,t,a,n,c,e
k,i,l,l,s
l,i,v,e,d
f,e,a,s,t,s
l,i,m,i,t,s
m,a,r,i,g,o,l,d
s,h,a,d,o,w,',s
a,b,h,o,r
c,o,u,n,t,e,r,p,a,r,t
a,p,p,e,a,l
n,u,r,s,e,d
l,a,n,d
s,o
l,e,a,s,e
a,p,p,a,r,e,l
l,i,f,e
w,a,r,y
b,r,e,a,t,h,e,r,s
p,l,a,g,u,e
s,i,l,e,n,c,e
g,a,z,e
b,o,w,e,r
e,r,r,o,r,s
b,o,r,n
s,e,l,f,-,e,x,a,m,p,l,e
h,e,m,s
c,h,i,e,f
l,e,a,d
a,c,c,i,d,e,n,t,s
d,e,a,t,h,-,b,e,d
s,p,i,r,i,t,s
p,e,r,f,e,c,t,i,o,n
n,i,g,g,a,r,d,i,n,g
o,',e,r,c,h,a,r,g,e,d
u,p
e,y,e,l,i,d,s
a,d,m,i,r,i,n,g
r,e,c,k,o,n,e,d
t,y,r,a,n,n,o,u,s
g,o,e,s
h,o,l,d
w,i,r,y
e,n,m,i,t,y
m,a,i,d,e,n
c,o,n,d,e,m,n,e,d
s,e,r,v,i,c,e,s
d,i,s,t,e,m,p,e,r,e,d
w,i,n
w,i,t,h,i,n
m,a,y
f,i,e,l,d
s,l,a,n,d,e,r,',s
t,e,l,l,s
v,i,r,t,u,e
w,h,o,e,',e,r
r,o,o,f
g,a,r,d,e,n,s
s,u,f,f,e,r,s
e,r,e
a,m,e,n,d,s
s,t,r,e,a,m,s
v,i,e,w,e,s,t
f,r,e,q,u,e,n,t
l,e,a,s,e,s
i,n,f,e,r,i,o,r
h,i,l,l
m,u,s,t
s,h,o,r,t,-,n,u,m,b,e,r,e,d
e,x,c,h,e,q,u,e,r
e,n,j,o,y,e,d
t,o,i,l,e,d
r,e,c,k,o,n
w,o,r,t,h
b,l,o,o,d,y
b,a,l,m,y
t,h,e,n,c,e
b,u,r,i,e,d
h,i,g,h
t,o,r,t,u,r,e
s,u,b,j,e,c,t
f,e,e,l,',s,t
e,t,e,r,n,i,t,y
k,i,s,s
i,m,a,g,e,s
p,y,r,a,m,i,d,s
w,o,o,i,n,g
g,o,d,d,e,s,s
s,u,r,e
g,i,v,e,n
w,e,i,g,h,t
s,u,f,f,',r,i,n,g
t,a,s,k
s,e,c,o,n,d
a,u,t,u,m,n
r,a,v,e,n
s,l,a,v,e,r,y
e,x,c,e,l,l,e,n,t
w,o,u,n,d,e,d
c,h,i,d,e
b,e,l,i,e,v,e
b,a,b,e
w,a,i,t
d,e,v,o,u,r
c,o,l,o,u,r
s,t,o,r,y
p,a,y,i,n,g
p,e,r,s,p,e,c,t,i,v,e
p,e,n,a,n,c,e
w,h,a,t,',s
o,f,f,i,c,e,s
s,w,a,l,l,o,w,e,d
o,v,e,r
o,u,t,r,i,g,h,t
l,o,s,e
l,e,a,r,n
n,o,t,h,i,n,g
r,a,r,e
l,i,v,e,r,y
k,i,n,g,l,y
w,h,e,n
h,a,m,m,e,r,e,d
v,i,c,t,o,r,s
s,a,y
d,e,f,a,c,e
l,a,m,b,s
t,h,e
s,l,e,p,t
e,n,o,u,g,h
c,h,e,r,i,s,h
r,e,f,i,g,u,r,e,d
g,o,d
j,a,c,k,s
d,e,l,i,v,e,r,e,d
d,o,w,n,-,r,a,s,e,d
d,y,i,n,g
e,n,g,r,a,f,t
c,a,n,o,p,y
c,o,n,f,i,n,e,d
s,a,l,v,e
i,s,',t
a,b,u,s,e,s
a,s,i,d,e
i,n,f,o,r,m,e,r
d,o,u,b,l,e
s,i,n,g,l,e,n,e,s,s
s,e,n,d,',s,t
n,e,i,t,h,e,r
d,e,s,t,r,o,y,s
p,e,n,t
w,a,s,t,e
e,n,s,c,o,n,c,e
m,i,s,p,l,a,c,e,d
j,a,d,e
a,d,v,o,c,a,t,e
p,r,o,o,f
d,o,n,e
g,r,o,w,t,h
r,e,b,e,l
c,a,m,e
d,o,c,t,o,r,-,l,i,k,e
d,e,t,a,i,n
r,e,c,e,i,v,e,s
p,r,e,s,e,n,t,e,t,h
c,h,a,n,g,e,s
f,o,r,t,h
q,u,e,s,t,i,o,n
a,y,e
w,h,o,e,v,e,r
e,q,u,a,l
v,o,i,c,e,s
j,u,s,t,i,f,y
t,h,r,i,c,e
m,a,i,n,t,a,i,n
m,a,t,u,r,i,t,y
c,o,n,c,e,i,t
a,n,s,w,e,r,e,d
h,o,n,e,s,t
h,e,a,v,i,l,y
f,a,v,o,u,r
p,l,e,a,s,e,d
o,f,f,i,c,e
h,o,u,s,e
n,e,',e,r
c,a,r,v,e
t,h,o,u,s,a,n,d
h,o,t
k,n,i,f,e
r,o,s,e
h,e,r,e,',s
b,o,u,n,d
b,r,i,n,g,s
b,o,u,n,t,e,o,u,s
t,o,l,d
n,e,e,d,i,n,g
w,o,n,d,',r,i,n,g
p,e,r,u,s,a,l
a,s,p,e,c,t
e,a,r,t,h
p,r,e,p,a,r,e
s,u,r,m,o,u,n,t
s,p,e,c,i,a,l
b,r,i,g,h,t,n,e,s,s
s,m,e,l,l
p,e,r,f,e,c,t
w,r,o,n,g,f,u,l,l,y
l,a,m,e
c,a,l,l,s
b,e,a,r,e,r
b,r,e,a,s,t
s,i,c,k
c,r,e,a,t,i,n,g
a,s,s,e,m,b,l,e
n,e,w,s
d,i,a,l,',s
d,e,c,r,e,e,s
f,a,i,r,e,s,t
i,s
a,l,t,h,o,u,g,h
i,f
b,u,r,n,i,n,g
t,r,a,v,e,l,l,e,d
c,h,u,r,l,s
a,l,m,o,s,t
r,a,n,s,o,m,s
i,m,p,r,i,n,t
a,n,t,i,c,i,p,a,t,e
s,e,n,s,u,a,l
g,a,t,h,e,r,e,d
w,i,t,s
g,o,l,d,e,n
f,l,o,w,e,r,s
b,r,i,g,h,t
f,l,e,e,c,e
h,a,i,r
s,o,m,e,t,h,i,n,g
f,r,e,s,h
v,i,s,i,o,n
f,a,r,i,n,g
s,h,o,r,n
t,i,r,e,d
p,a,i,d
d,e,n,o,t,e
f,a,r,t,h,e,s,t
t,e,n,t,h
c,h,i,p,s
t,a,m,e
f,l,o,u,r,i,s,h
l,o,o,k,s
v,i,c,e
u,s
p,r,i,c,k,e,d
w,i,t
d,e,c,e,a,s,e,d
b,e,t,t,',r,i,n,g
h,o,l,y
l,o,v,e,l,y
p,e,r,c,e,i,v,e,d
o,u,t
l,i,g,h,t,',s
r,e,a,s,o,n,s
s,e,l,f,-,s,a,m,e
f,e,e,d,i,n,g
h,u,g,e,l,y
a,n,n,o,y
h,e,r,e,t,i,c
o,b,j,e,c,t,s
b,l,e,s,s,e,s
',g,r,e,e,i,n,g
n,e,w,-,f,i,r,e,d
e,i,t,h,e,r,',s
t,o,u,c,h
b,e,q,u,e,s,t
g,u,a,r,d
h,a,l,l,o,w,e,d
t,o,w,a,r,d
r,e,s,e,r,v,e
d,e,p,e,n,d,s
c,o,u,n,t
w,i,t,h,e,r,i,n,g
t,o,r,n
f,o,r
a,r,i,s,i,n,g
o,b,j,e,c,t
s,h,o,o,k
s,m,i,l,i,n,g
d,e,f,e,n,d,a,n,t
d,i,s,p,a,t,c,h
s,t,o,p,s
l,i,q,u,i,d
r,e,i,g,n,e,d
d,r,e,g,s
w,o,r,l,d
n,i,n,e
r,o,l,l,i,n,g
n,i,g,h,t,l,y
h,o,u,r,s
h,e,a,v,e,n,',s
r,e,s,t,y
t,i,b,e,y
u,n,t,h,r,i,f,t,s
d,u,t,y
l,i,k,e,r
h,o,i,s,t,e,d
s,t,r,a,n,g,e
u,n,d,i,v,i,d,e,d
a,r,r,a,y
s,t,o,r,m,-,b,e,a,t,e,n
w,a,t,c,h
s,e,l,l,i,n,g
f,o,r,g,e,d
u,n,j,u,s,t
c,a,n
m,e,m,o,r,i,a,l
k,e,p,t
h,i,e,d
l,i,g,h,t
a,n,y
s,e,l,f,-,s,u,b,s,t,a,n,t,i,a,l
o,n,w,a,r,d,s
o,v,e,r,t,u,r,n
b,o,u,n,t,y
r,a,c,e
n,o,b,l,e,r
r,u,i,n,i,n,g
s,o,u,n,d
g,e,n,t,l,y
u,n,d,e,r
d,e,a,t,h
d,e,s,c,r,i,b,e
g,o,o,d,n,e,s,s
t,h,u,n,d,e,r
r,u,d,',s,t
c,h,a,s,e
w,h,i,l,s,t
c,h,u,r,l
d,e,v,i,s,e,d
t,h,e,r,e,f,o,r,e
d,e,s,p,e,r,a,t,e
s,h,e,a,v,e,s
c,i,v,i,l
c,l,o,s,u,r,e
s,i,g,h,s
a,l,a,s
c,o,n,t,e,n,t,e,d
p,u,r,e,s,t
b,e,n,t
r,i,d,e
s,u,b,j,e,c,t,s
r,e,p,e,n,t
i,m,a,g,e
t,a,s,t,e
p,r,o,u,d,l,y
v,a,l,l,e,y,-,f,o,u,n,t,a,i,n
b,a,r
g,e,n,t,l,e
f,e,v,e,r
h,a,t,r,e,d
s,h,a,r,e
d,a,r,k,n,e,s,s
u,p,r,e,a,r
q,u,i,c,k,e,r
i,n,c,e,r,t,a,i,n,t,i,e,s
d,e,a,r,l,y
s,e,e,m,s
w,o,r,s,h,i,p
d,e,b,a,r,r,e,d
w,e,e,p
s,i,n,c,e
h,e,a,d
m,i,r,a,c,l,e
c,o,n,f,o,u,n,d
c,l,e,a,r
t,a,t,t,e,r,e,d
p,u,r,e
h,e,a,t,s
b,l,u,s,h
o,u,t,-,g,o,i,n,g
o,w,e,s
b,a,t,h
s,l,a,n,d,e,r,i,n,g
w,o,r,m,s
t,i,t,l,e
p,a,t,e,n,t
d,e,e,m
e,n,d,l,e,s,s
s,u,b,s,i,s,t
f,i,c,k,l,e
l,o,r,d
w,o,m,b
g,o,n,e
s,t,a,t,u,e,s
r,e,m,o,v,e,d
h,a,t,e,t,h
c,o,m,p,a,s,s
p,r,a,i,s,e
m,a,r,k
s,i,n
e,s,t,e,e,m,i,n,g
d,e,s,i,r,e
t,u,r,n,e,d
m,i,l,e,s
p,r,o,v,o,k,e
m,a,r,j,o,r,a,m
s,e,l,f,',s
i
t,e,n,d
r,u,i,n,a,t,e
d,e,s,e,r,v,e,s
s,e,p,u,l,c,h,r,e,s
j,u,s,t
b,e,w,e,e,p
c,l,a,y
c,e,r,t,a,i,n
s,o,m,e
d,i,m,m,e,d
f,a,m,i,s,h,e,d
t,o,o,k
t,h,i,n,k
e,x,t,a,n,t
t,h,e,m
g,i,r,d,e,d
s,a,v,e
t,i,t,l,e,s
l,o,v,e,d
b,r,e,d
t,r,o,p,h,i,e,s
p,r,o,c,e,s,s
w,a,r,m
a,d,d,e,t,h
o,l,d
m,o,o,d,s
s,a,n,g
a,b,u,n,d,a,n,c,e
o,w,n,e,r,',s
g,r,e,e,n
b,e,t,t,e,r,e,d
l,o,f,t,y
h,a,s,t,e
h,i,n,d,m,o,s,t
c,o,n,t,e,n,t
m,a,t,c,h,e,t,h
e,x,c,h,a,n,g,e,d
t,o,p
r,e,g,i,o,n
s,w,e,r,v,i,n,g
w,i,g,h,t,s
e,x,c,e,e,d,e,d
h,a,p,l,y
s,p,a,c,e
i,l,l,-,u,s,e,d
u,p,h,o,l,d
r,e,p,r,o,a,c,h
e,y,e,d
m,o,n,a,r,c,h,',s
h,a,n,g,i,n,g
d,i,e,s
a,g,e
c,l,e,a,r,s
y,o,r,e
w,a,r,r,i,o,r
h,a,b,i,t
d,i,s,a,r,m,e,d
f,o,r,g,e,t,',s,t
r,o,b,b,i,n,g
s,o,u,r
f,a,s,h,i,o,n
r,e,v,o,l,t
l,o,s,s
m,a,s,k,e,d
c,u,r,l,s
t,h,r,e,e
d,e,s,c,r,i,p,t,i,o,n,s
p,u,t,s
f,e,l,t
d,e,l,v,e,s
d,e,p,e,n,d
i,n,k
r,e,m,e,m,b,r,a,n,c,e
w,e,i,g,h,s
w,h,e,r,e,f,o,r,e
h,e,i,r
n,a,t,u,r,e,',s
n,a,y
d,e,c,e,a,s,e
c,o,m,m,a,n,d,e,d
i,n,v,o,c,a,t,e
f,i,t,t,e,d
w,i,l,t
w,e,a,l,t,h
p,r,o,u,d,-,p,i,e,d
g,l,u,t,t,o,n,i,n,g
a,d,v,e,r,s,e
v,a,s,s,a,l,a,g,e
o,',e,r
c,o,n,t,a,i,n,s
s,l,i,g,h,t
d,e,b,a,t,e,t,h
t,w,o
m,e
c,o,n,t,e,n,t,s
r,e,t,u,r,n,e,d
s,t,a,i,n,e,d
p,r,e,v,a,i,l,e,d
j,e,a,l,o,u,s,y
t,h,i,e,v,i,s,h
g,a,u,d,y
f,i,r,m
p,a,r,a,l,l,e,l,s
c,r,o,s,s,e,d
s,u,e
p,r,i,s,o,n
b,e,a,m,s
c,u,r,s,e
r,e,n,d,e,r
p,u,r,g,i,n,g
t,r,u,s,t
f,a,l,l,s
n,o,t,e
f,a,l,s,e
c,h,i,l,d,r,e,n
h,i,s,t,o,r,y
s,h,o,w,e,r,s
d,i,s,t,a,n,c,e
a,c,c,o,u,n,t
l,i,p
m,o,o,n
f,l,e,e,t,',s,t
p,e,r,s,u,a,d,e
s,t,o,p
s,e,l,f,-,l,o,v,e
c,o,u,r,s,e,s
r,e,l,i,g,i,o,u,s
l,a,i,d
w,a,n,e
u,p,o,n
g,u,i,l,t,y
f,r,i,e,n,d,s
t,w,i,r,e
s,o,b,e,r
o,',e,r,-,g,r,e,e,n
a,l,t,',r,i,n,g
s,w,e,a,r
b,e,a,r,d
l,a,r,g,e
l,i,v,e,s
i,d,o,l
b,a,s,t,a,r,d
b,u,r,d,e,n
b,u,i,l,d,e,d
d,r,u,g,s
f,o,r,b,i,d
n,o,u,g,h,t
u,n,t,a,i,n,t,e,d
i,d,l,e
m,e,n,d,e,d
g,r,a,c,e
r,i,p,e
n,o,r
i,n,t,e,n,t,s
l,e,a,n
e,x,p,i,a,t,e
a,s
y,e
e,q,u,i,p,a,g,e
p,o,i,n,t
b,r,e,e,d
w,a,l,k,s
c,l,i,m,b,e,d
l,a,c,k
m,a,r,s
v,e,r,m,i,l,i,o,n
f,l,a,t,t,e,r,e,r
p,r,a,y
u,n,i,v,e,r,s,e
w,i,t,h
i,n,j,u,r,i,e,s
f,r,e,s,h,e,r
p,l,e,a,s,i,n,g
c,h,e,e,r
s,p,u,r,r,i,n,g
s,u,i,t
e,d,g,e
t,h,r,a,l,l
g,o,e,s,t
d,e,v,i,s,e
s,i,e,g,e
e,v,e,r
c,o,n,f,e,s,s,e,d
h,u,e,s
s,w,e,e,t,n,e,s,s
c,o,n,s,u,m,',s,t
s,y,m,p,a,t,h,i,z,e,d
e,f,f,e,c,t
l,e,g,a,c,y
m,o,u,n,t,e,d
b,a,n,k,s
s,e,a,l
a,d,o,r,e
w,h,i,t
s,t,r,u,m,p,e,t,e,d
e,a,r,l,y
f,a,m,e
h,a,l,t
i,n,h,a,b,i,t
a,r,i,s,e
d,r,o,p
i,n,t,e,n,d
e,x,c,e,p,t
w,i,l,l,i,n,g,l,y
r,a,z,e,d
s,w,i,f,t,-,f,o,o,t,e,d
m,i,g,h,t,i,e,r
r,e,c,o,u,n,t,i,n,g
v,o,w
f,o,r,c,e,d
l,a,y
c,o,r,r,u,p,t
i,n,s,t,a,n,t
e,n,d,e,a,r,e,d
f,o,l,l,o,w
c,o,m,m,i,t
j,o,l,l,i,t,y
s,h,a,p,e,s
b,l,a,m,e,d
g,h,a,s,t,l,y
c,a,r,c,a,n,e,t
f,l,y
b,e,a,r,i,n,g
r,o,o,t
l,o,v,e,s
w,h,e,r,e,w,i,t,h
d,i,v,i,d,e
h,u,n,t,e,d
e,x,t,e,r,n
b,e,t,r,a,y,i,n,g
f,o,i,s,o,n
s,w,e,e,t
a,n,e,w
w,e,e,d,s
y,o,u,r
w,r,i,t,e
e,n,j,o,y
a,c,q,u,a,i,n,t,e,d
l,o,v,e,-,k,i,n,d,l,i,n,g
r,i,d
m,e,a,n,t
e,x,t,e,r,n,a,l
b,o,d,y,',s
s,u,p,p,r,e,s,s,e,d
d,r,a,w
b,r,i,s,t,l,y
e,y,e
l,y,i,n,g
d,e,c,a,y,e,d
m,a,k,e
m,a,d,e
r,e,c,e,i,p,t
r,a,g,e
d,w,e,l,l,e,r,s
h,o,u,n,d,s
w,a,s
a,s,s,i,s,t,a,n,c,e
u,t,m,o,s,t
p,o,s,s,e,s,s,i,n,g
c,l,o,a,k
b,e,a,u,t,i,e,s
f,o,r,t,i,f,y
a,c,c,e,p,t,a,b,l,e
b,i,r,d,s
b,o,r,e
r,e,n,e,w,e,d
p,e,r,f,u,m,e,s
w,i,t,n,e,s,s
b,l,i,n,d,n,e,s,s
f,i,s,t
n,o,t
l,e,t,s
f,o,r,t,y
c,o,n,f,o,u,n,d,e,d
o,w,',s,t
k,n,o,w,',s,t
h,a,d
a,s,h,e,s
d,r,a,w,n
s,a,i,l
h,e,i,n,o,u,s
p,u,r,g,e
f,a,w,n
r,i,g,h,t
f,o,r,g,e,t,f,u,l
s,a,t,u,r,n
w,h,a,t
s,t,r,i,f,e
n,a,k,e,d
s,a,c,r,e,d
s,u,r,l,y
o,n,s,e,t
r,a,g,g,e,d
m,a,p
s,p,i,r,i,t
g,i,v,i,n,g
e,x,c,e,l
p,o,e,t,',s
b,e,c,k
r,e,g,i,s,t,e,r
t,i,c,k,l,e,d
t,r,a,c,t
t,h,i,r,d
l,i,k,e
g,u,i,l,t
b,e,s,e,e,m
i,n,v,i,t,e,d
c,o,m,m,e,n,d
t,o
s,e,r,v,i,c,e
s,e,a,',s
n,e,v,e,r
m,o,r,e
g,a,z,i,n,g
t,h,e,i,r,s
e,x,c,e,l,l,e,n,c,e
t,h,o,u,g,h
m,o,t,h,e,r,',s
f,r,a,m,e
s,e,a,l,s
b,l,a,n,k,s
t,h,r,e,w
i,t
f,e,e,l
r,a,r,i,t,i,e,s
u,n,t,i,l
d,i,v,e,r,t
y,i,e,l,d
w,r,o,n,g,s
p,e,r,f,e,c,t,',s,t
a,n,g,e,r
f,r,i,e,n,d,',s
p,r,e,s,e,n,t
t,h,i,e,f
l,e,a,v,e,s
n,u,m,b,e,r
h,a,p,p,i,e,r
t,r,e,s,p,a,s,s
b,e,g,g,a,r,e,d
a,c,c,u,m,u,l,a,t,e
d,e,a,r,e,s,t
r,e,m,o,v,e,r
j,o,u,r,n,e,y
c,o,m,e,s
w,h,i,t,e
s,a,u,c,e,s
b,r,a,v,e
o,f,f
p,o,w,e,r,f,u,l
l,u,c,k
w,a,r,d
c,o,n,c,e,a,l,e,d
q,u,a,l,i,f,y
m,i,l,l,i,o,n,e,d
p,a,r,t
s,o,u,n,d,l,e,s,s
s,t,r,e,n,g,t,h
e,x,p,e,n,s,e
m,a,r,r,i,a,g,e
d,i,s,p,o,s,e,d
e,x,p,i,r,e
s,e,t,s
w,o,r,l,d,-,w,i,t,h,o,u,t,-,e,n,d
m,o,n,u,m,e,n,t
u,n,t,h,r,i,f,t
g,l,a,s,s
h,u,s,b,a,n,d
d,e,b,a,t,e
g,r,i,e,f
a,u,g,h,t
d,e,l,i,g,h,t,s
g,r,e,e,t
r,e,c,k,o,n,i,n,g
r,e,g,i,s,t,e,r,s
f,i,g,u,r,e
m,a,i,d
c,l,o,c,k
n,e,e,d
a,s,s,u,r,e,d
p,o,i,n,t,s
c,o,n,t,r,o,l,l,i,n,g
b,o,s,o,m
g,i,v,e
b,e,s,m,e,a,r,e,d
c,o,m,p,i,l,e,d
s,u,n,s,e,t
a,r,g,u,m,e,n,t
a,n,n,e,x,e,d
m,i,n,i,o,n
h,e,a,l,t,h
h,i,d,i,n,g
c,h,e,s,t
t,i,m,e
c,o,n,t,r,a,c,t,e,d
c,e,n,t,r,e
f,e,a,s,t,i,n,g
w,r,e,t,c,h,',s
w,o,n,t
h,i,m
r,e,i,g,n
g,r,i,e,v,e,d
s,e,e,m,e,d
f,i,n,d,s
r,a,n,d,o,m
b,i,e,r
w,i,n,d,o,w,s
b,l,i,s,s
w,a,r,',s
b,e,t,r,a,y
w,i,s,d,o,m
l,o,o,k,i,n,g
f,o,r,g,e,t,f,u,l,n,e,s,s
m,o,s,t
b,r,o,k,e,n
h,o,l,d,s
d,r,o,w,n
d,e,s,p,i,s,e
w,i,l,l
d,w,e,l,l,s
s,a,w
l,e,n,d,s
h,a,w,k,s
f,o,r,l,o,r,n
p,r,e,s,e,n,t,-,a,b,s,e,n,t
m,o,c,k
g,o,o,d
t,i,n,c,t,u,r,e
q,u,i,e,t
g,r,a,v,e
a,n,t,i,q,u,i,t,y
b,r,a,s,s
m,e,a,n,s
f,r,i,e,n,d
d,r,a,i,n,e,d
b,a,c,k
w,e,r,t
p,l,e,a
t,a,n
m,a,l,a,d,i,e,s
c,h,a,s,t,e
p,i,c,t,u,r,e,d
s,e,r,v,a,n,t,',s
b,r,a,i,n
c,u,r,i,o,u,s
p,o,o,r,l,y
s,h,a,m,e,f,u,l,l,y
d,u,l,l
p,e,r,h,a,p,s
d,e,a,f
n,e,w
c,o,m,p,o,s,i,t,i,o,n
g,r,o,w,i,n,g
v,o,u,c,h,s,a,f,e
s,u,i,t,e,d
s,u,m,m,e,r,s
w,i,s,h,i,n,g
i,n,f,a,n,t,',s
e,n,g,r,o,s,s,e,d
p,h,y,s,i,c
p,i,t,c,h
o,f,f,e,n,d,e,r,',s
a,f,f,o,r,d,s
h,e,',s
b,e,s,i,e,g,e
e,n,j,o,y,e,r
b,u,y
s,t,o,u,t
c,h,a,r,t,e,r
c,o,m,p,i,l,e
t,h,r,o,n,e,d
b,a,d
h,a,r,s,h
p,o,l,i,c,y
w,a,i,l
a,w,a,r,d,s
i,d,l,y
f,o,l,l,o,w,s
b,e,c,o,m,e
d,a,r,k
n,e,e,d,y
a,b,o,v,e
y,e,a,r
a,n,s,w,e,r
s,e,e,t,i,n,g
d,o,u,b,l,e,-,v,a,n,t,a,g,e
s,e,a,t
s,h,i,f,t,s
s,k,i,l,l
y,o,u,r,s
m,e,n,d
b,e,a,u,t,y,',s
a,f,f,a,b,l,e
w,o,o,s
b,r,e,a,s,t,s
t,h,e,s,e
s,o,r,r,o,w,s
r,i,s,i,n,g
a,f,f,e,c,t,i,o,n,s
u,n,t,u,t,o,r,e,d
d,i,s,p,e,r,s,e
d,e,a,t,h,s
f,r,o,n,t
p,r,o,c,e,e,d
c,o,n,t,r,a,r,y
n,o,o,n
c,o,u,n,t,e,n,a,n,c,e
t,r,u,a,n,t
s,i,t,u,a,t,i,o,n
a,f,t,e,r
s,i,l,e,n,t
p,o,s,s,e,s,s,e,d
l,a,r,k
c,o,u,p,l,e,m,e,n,t
b,e,r,e,f,t
p,r,o,c,e,e,d,s
f,i,n,e
c,o,n,c,o,r,d
s,a,v,a,g,e
w,r,i,t,e,r,s
s,u,n,',s
a,s,l,e,e,p
u,t,t,e,r,i,n,g
b,u,s,y
p,o,l,i,t,i,c
c,o,n,f,o,u,n,d,i,n,g
s,i,n,f,u,l
u,n,s,e,e,n
v,e,i,n,s
d,i,s,e,a,s,e,d
l,o,v,e,',s
s,a,k,e
c,a,p,t,a,i,n
l,i,v,i,n,g
f,l,e,d
l,a,d,i,e,s
s,o,n,g,s
l,o,u,d
s,t,r,o,n,g
p,i,c,t,u,r,e,',s
p,r,o,v,i,d,e
p,i,n,e
p,i,e,r,c,e,d
s,a,i,n,t
a,f,l,o,a,t
b,o,o,t,l,e,s,s
m,a,n,n,e,r,s
f,o,r,c,e
c,u,n,n,i,n,g
n,e,e,d,',s,t
m,a,s,o,n,r,y
p,a,r,t,y
s,i,c,k,l,e,',s
t,r,i,b,e,s
b,e,c,o,m,i,n,g
b,r,o,o,d
s,w,a,y,',s,t
d,e,t,e,r,m,i,n,a,t,e
s,u,r,e,t,y,-,l,i,k,e
r,a,n,s,o,m
i,s,s,u,e,l,e,s,s
u,n,s,e,e,i,n,g
l,i,f,e,',s
m,a,r,v,e,l
t,r,e,s,s,e,s
s,t,o,r,e,',s
l,o
p,r,o,v,e
y,o,u
w,i,d,o,w,e,d
w,i,t,h,a,l
h,u,m,b,l,e
s,o,l,d
m,o,u,r,n,i,n,g
p,a,s,t
d,e,f,e,a,t,e,d
d,r,o,p,s
i,n,s,t,i,n,c,t
t,h,i,s
b,e,h,o,l,d
a,m
p,l,a,i,n
l,i,p,s
t,e,e,t,h
d,r,o,w,n,s
v,e,r,y
e,s,t,e,e,m
d,y,e,d
g,o
e,n,j,o,y,s
h,o,w
s,t,e,e,p
b,e,l,i,e,v,e,d
i,m,p,o,r,t
d,e,l,i,g,h,t
g,r,e,a,t,e,s,t
u,n,p,r,o,v,i,d,e,n,t
r,e,m,a,i,n
f,o,u,n,d
r,e,l,e,a,s,i,n,g
s,w,a,r,t,-,c,o,m,p,l,e,x,i,o,n,e,d
d,e,c,r,e,a,s,e
s,m,a,l,l
r,e,s,o,r,t
l,i,m,p,i,n,g
b,o,l,d
t,e,s,t,y
s,t,r,o,n,g,e,r
b,r,i,e,f
c,o,m,i,n,g
r,e,m,e,m,b,e,r,e,d
s,a,y,i,n,g
c,l,e,a,r,e,r
a,p,p,e,a,r,a,n,c,e
d,e,n,y
o,n,w,a,r,d
f,r,e,e,d,o,m
l,o,u,r,',s,t
l,o,v,e,l,i,n,e,s,s
h,e,e,d
f,a,s,t,e,r
a,f,t,e,r,-,l,o,s,s
f,l,a,t,t,e,r,e,d
c,a,r,r,y
p,r,o,v,i,n,g
h,e,r
s,a,m,e
n,o,t,e,d
b,o,d,y
c,o,m,f,o,r,t
e,l,s,e,w,h,e,r,e
b,e,a,r,s
t,h,a,t,',s
b,e,h,i,n,d
g,i,l,d,',s,t
f,i,x,e,d
d,r,e,a,d,i,n,g
h,e,a,r,t
q,u,a,l,i,t,y
d,e,v,i,l
a,u,t,h,o,r,i,t,y
s,h,o,w,s
c,o,n,q,u,e,r,e,d
v,o,i,c,e
d,i,e,s,t
d,e,s,i,r,i,n,g
j,u,m,p
l,i,n,e,s
k,i,n,d,n,e,s,s
m,o,m,e,n,t
p,a,y
l,o,v,e,r,',s
l,a,y,s
s,c,o,r,e
p,r,e,s,e,n,t,',s,t
y,o,u,t,h,',s
s,a,v,e,d
t,h,e,r,e,i,n
s,p,l,e,n,d,o,u,r
p,a,t,i,e,n,t
w,e,a,r
e,v,e,r,m,o,r,e
s,u,m
s,u,b,t,l,e,t,i,e,s
w,o,o,e,d
h,u,s,h
i,m,p,a,r,t
r,e,c,e,i,v,e,s,t
c,a,r,e
u,n,b,r,e,d
s,l,u,m,b,e,r,s
c,o,r,r,e,c,t,i,o,n
w,e,a,r,y
c,l,e,r,k
s,u,m,m,e,r
s,t,e,e,p,-,u,p
v,i,l,e
d,e,s,e,r,t
s,h,o,o,t
d,r,u,d,g,e
c,o,w,a,r,d
p,r,o,v,e,s
i,l,l,-,w,r,e,s,t,i,n,g
i,n,c,o,n,s,t,a,n,t
c,o,r,r,u,p,t,i,n,g
o,',e,r,-,r,e,a,d
c,a,r,v,e,d
m,o,v,e
l,e,a,d,s
o,u,t,w,a,r,d
d,u,r,s,t
b,e
q,u,e,n,c,h,e,d
i,m,p,e,a,c,h,e,d
s,e,r,v,i,n,g
m,a,r,c,h
s,i,c,k,e,n
t,i,r,e,s
k,n,i,g,h,t,s
l,e,a,g,u,e
d,i,s,c,o,n,t,e,n,t
b,e,i,n,g
r,e,c,e,i,v,',s,t
